-- phpMyAdmin SQL Dump
-- version 5.2.1
-- https://www.phpmyadmin.net/
--
-- Host: 127.0.0.1
-- Generation Time: Nov 01, 2023 at 08:47 AM
-- Server version: 10.4.28-MariaDB
-- PHP Version: 8.0.28

SET SQL_MODE = "NO_AUTO_VALUE_ON_ZERO";
START TRANSACTION;
SET time_zone = "+00:00";


/*!40101 SET @OLD_CHARACTER_SET_CLIENT=@@CHARACTER_SET_CLIENT */;
/*!40101 SET @OLD_CHARACTER_SET_RESULTS=@@CHARACTER_SET_RESULTS */;
/*!40101 SET @OLD_COLLATION_CONNECTION=@@COLLATION_CONNECTION */;
/*!40101 SET NAMES utf8mb4 */;

--
-- Database: `xiemedical`
--

-- --------------------------------------------------------

--
-- Table structure for table `admin`
--

CREATE TABLE `admin` (
  `id` int(11) NOT NULL,
  `username` varchar(500) NOT NULL,
  `loginid` varchar(30) NOT NULL,
  `password` varchar(100) NOT NULL,
  `gender` varchar(500) NOT NULL,
  `dob` text NOT NULL,
  `no.telp` text NOT NULL,
  `addr` varchar(500) NOT NULL,
  `notes` varchar(200) NOT NULL,
  `image` varchar(2000) NOT NULL,
  `created_on` date NOT NULL,
  `updated_on` date NOT NULL,
  `category_id` int(11) NOT NULL,
  `last_login` date NOT NULL,
  `delete_status` int(11) NOT NULL DEFAULT 0
) ENGINE=InnoDB DEFAULT CHARSET=latin1 COLLATE=latin1_swedish_ci;

--
-- Dumping data for table `admin`
--

INSERT INTO `admin` (`id`, `username`, `loginid`, `password`, `gender`, `dob`, `no.telp`, `addr`, `notes`, `image`, `created_on`, `updated_on`, `category_id`, `last_login`, `delete_status`) VALUES
(1, 'admin', 'ndbhalerao91@gmail.com', 'aa7f019c326413d5b8bcad4314228bcd33ef557f5d81c7cc977f7728156f4357', 'Male', '2018-11-26', '9423979339', '<p>Maharashtra, India</p>\r\n', '<p>admin panel</p>\r\n', 'profile.jpg', '2018-04-30', '2019-10-15', 1, '0000-00-00', 0);

-- --------------------------------------------------------

--
-- Table structure for table `appointment`
--

CREATE TABLE `appointment` (
  `appointmentid` int(10) NOT NULL,
  `appointmenttype` varchar(25) NOT NULL,
  `patientid` int(10) NOT NULL,
  `roomid` int(10) NOT NULL,
  `appointmentdate` date NOT NULL,
  `appointmenttime` time NOT NULL,
  `mf_id` int(10) NOT NULL,
  `status` varchar(10) NOT NULL,
  `app_reason` text NOT NULL,
  `delete_status` int(11) NOT NULL
) ENGINE=InnoDB DEFAULT CHARSET=latin1 COLLATE=latin1_swedish_ci;

--
-- Dumping data for table `appointment`
--

INSERT INTO `appointment` (`appointmentid`, `appointmenttype`, `patientid`, `roomid`, `appointmentdate`, `appointmenttime`, `mf_id`, `status`, `app_reason`, `delete_status`) VALUES
(1, '', 1, 0, '2020-05-25', '12:00:00', 1, 'Approved', 'Reason of appointment', 0),
(2, '', 1, 0, '2020-05-27', '10:00:00', 1, 'Active', 'reason of appointment', 0),
(3, '', 1, 0, '2020-05-26', '11:11:00', 1, 'Inactive', 'reason', 0),
(4, '', 1, 0, '2020-05-29', '15:00:00', 1, 'Active', 'reason of appointment', 0);

-- --------------------------------------------------------

--
-- Table structure for table `manage_website`
--

CREATE TABLE `manage_website` (
  `id` int(11) NOT NULL,
  `business_name` varchar(600) NOT NULL,
  `business_email` varchar(600) NOT NULL,
  `business_web` varchar(500) NOT NULL,
  `portal_addr` varchar(500) NOT NULL,
  `addr` varchar(600) NOT NULL,
  `curr_sym` varchar(600) NOT NULL,
  `curr_position` varchar(500) NOT NULL,
  `front_end_en` varchar(500) NOT NULL,
  `date_format` date NOT NULL,
  `def_tax` varchar(500) NOT NULL,
  `logo` varchar(500) NOT NULL
) ENGINE=InnoDB DEFAULT CHARSET=latin1 COLLATE=latin1_swedish_ci;

--
-- Dumping data for table `manage_website`
--

INSERT INTO `manage_website` (`id`, `business_name`, `business_email`, `business_web`, `portal_addr`, `addr`, `curr_sym`, `curr_position`, `front_end_en`, `date_format`, `def_tax`, `logo`) VALUES
(1, 'Mayuri K', 'mayuri.infospace@gmail.com', '#', '#', '<p>Maharashtra, India</p>\r\n', '$', 'right', '0', '0000-00-00', '0.20', 'logo for hospital system.jpg');

-- --------------------------------------------------------

--
-- Table structure for table `medicine`
--

CREATE TABLE `medicine` (
  `medicineid` int(10) NOT NULL,
  `medicinename` varchar(25) NOT NULL,
  `medicinecost` float(10,2) NOT NULL,
  `description` text NOT NULL,
  `status` varchar(10) NOT NULL,
  `delete_status` int(11) NOT NULL
) ENGINE=InnoDB DEFAULT CHARSET=latin1 COLLATE=latin1_swedish_ci;

--
-- Dumping data for table `medicine`
--

INSERT INTO `medicine` (`medicineid`, `medicinename`, `medicinecost`, `description`, `status`, `delete_status`) VALUES
(1, 'Paracetamol', 10.00, 'Medicine description here', 'Active', 0);

-- --------------------------------------------------------

--
-- Table structure for table `mfschedule`
--

CREATE TABLE `mfschedule` (
  `mf_timings_id` int(10) NOT NULL,
  `midwifeid` int(10) NOT NULL,
  `start_time` time NOT NULL,
  `end_time` time NOT NULL,
  `available_day` varchar(15) NOT NULL,
  `status` varchar(10) NOT NULL,
  `delete_status` int(11) NOT NULL
) ENGINE=InnoDB DEFAULT CHARSET=latin1 COLLATE=latin1_swedish_ci;

--
-- Dumping data for table `mfschedule`
--

INSERT INTO `mfschedule` (`mf_timings_id`, `midwifeid`, `start_time`, `end_time`, `available_day`, `status`, `delete_status`) VALUES
(1, 1, '09:00:00', '12:00:00', '', 'Active', 0);

-- --------------------------------------------------------

--
-- Table structure for table `midwife`
--

CREATE TABLE `midwife` (
  `mf_id` int(10) NOT NULL,
  `mfname` varchar(50) NOT NULL,
  `no.telp` int(15) NOT NULL,
  `loginid` varchar(25) NOT NULL,
  `password` text NOT NULL,
  `status` varchar(10) NOT NULL,
  `consultancy_charge` float(10,2) NOT NULL,
  `delete_status` int(11) NOT NULL
) ENGINE=InnoDB DEFAULT CHARSET=latin1 COLLATE=latin1_swedish_ci;

--
-- Dumping data for table `midwife`
--

INSERT INTO `midwife` (`mf_id`, `mfname`, `no.telp`, `loginid`, `password`, `status`, `consultancy_charge`, `delete_status`) VALUES
(1, 'Dr. Akash Ahire', 2147483647, 'akash@gmail.com', 'bbcff4db4d8057800d59a68224efd87e545fa1512dfc3ef68298283fbb3b6358', 'Active', 200.00, 0);

-- --------------------------------------------------------

--
-- Table structure for table `patient`
--

CREATE TABLE `patient` (
  `patientid` int(10) NOT NULL,
  `patientname` varchar(50) NOT NULL,
  `admissiondate` date NOT NULL,
  `admissiontime` time NOT NULL,
  `address` varchar(250) NOT NULL,
  `no.telp` int(15) NOT NULL,
  `city` varchar(25) NOT NULL,
  `loginid` varchar(50) NOT NULL,
  `password` text NOT NULL,
  `bloodgroup` varchar(20) NOT NULL,
  `gender` varchar(10) NOT NULL,
  `dob` date NOT NULL,
  `status` varchar(10) NOT NULL,
  `delete_status` int(11) NOT NULL
) ENGINE=InnoDB DEFAULT CHARSET=latin1 COLLATE=latin1_swedish_ci;

--
-- Dumping data for table `patient`
--

INSERT INTO `patient` (`patientid`, `patientname`, `admissiondate`, `admissiontime`, `address`, `no.telp`, `city`, `loginid`, `password`, `bloodgroup`, `gender`, `dob`, `status`, `delete_status`) VALUES
(1, 'Atul Petkar', '2020-05-25', '11:00:00', 'nashik, maharashtra', 2147483647, 'nashik', 'atul@gmail.com', 'bbcff4db4d8057800d59a68224efd87e545fa1512dfc3ef68298283fbb3b6358', 'B+', 'Male', '1995-07-25', 'Active', 0),
(2, 'Marcel', '2023-10-21', '23:46:00', 'Slawu', 812345678, 'jember', 'marcelslawu@gmail.com', 'bbcff4db4d8057800d59a68224efd87e545fa1512dfc3ef68298283fbb3b6358', 'B-', 'Male', '2004-03-08', 'Active', 0),
(9, 'divka', '2023-10-22', '23:02:00', '1', 12, 'jember', '121@gmail.com', '641a82b22d8903cd4422998c3da85ecdc9f9c94fb88feca984533be053dbc5ee', 'B-', 'Male', '2004-02-18', 'Active', 0),
(16, 'bismillah', '2023-10-23', '00:30:06', 'ajung', 2147483647, 'jember', '1234@gmail.com', 'bbcff4db4d8057800d59a68224efd87e545fa1512dfc3ef68298283fbb3b6358', 'A+', 'Male', '2023-10-23', 'Active', 0),
(17, 'pitek', '2023-10-23', '09:58:43', 'kandang', 2147483647, 'jawa', '2@gmail.com', '641a82b22d8903cd4422998c3da85ecdc9f9c94fb88feca984533be053dbc5ee', 'A+', 'Male', '2023-10-23', 'Active', 0),
(18, 'masi', '2023-10-23', '10:13:02', 'jawir', 1, 'a', '21@gmail.com', '641a82b22d8903cd4422998c3da85ecdc9f9c94fb88feca984533be053dbc5ee', 'B-', 'Male', '2023-10-23', 'Active', 0),
(19, 'q', '2023-10-23', '10:19:56', 'q', 1, 's', '123@gmail.com', '641a82b22d8903cd4422998c3da85ecdc9f9c94fb88feca984533be053dbc5ee', 'B-', 'Male', '2023-10-23', 'Active', 0),
(20, 'g', '2023-10-23', '10:30:27', 'g', 3, 'f', '12345@gmail.com', '641a82b22d8903cd4422998c3da85ecdc9f9c94fb88feca984533be053dbc5ee', 'A+', 'Male', '2023-10-23', 'Active', 0);

-- --------------------------------------------------------

--
-- Table structure for table `room`
--

CREATE TABLE `room` (
  `roomid` int(10) NOT NULL,
  `roomtype` varchar(25) NOT NULL,
  `status` varchar(10) NOT NULL
) ENGINE=InnoDB DEFAULT CHARSET=latin1 COLLATE=latin1_swedish_ci;

--
-- Dumping data for table `room`
--

INSERT INTO `room` (`roomid`, `roomtype`, `status`) VALUES
(15, 'GENERAL WARD', 'Active'),
(16, 'SPECIAL WARD', 'Active'),
(17, 'GENERAL WARD', 'Active'),
(18, 'GENERAL WARD', 'Active'),
(19, 'GENERAL WARD', 'Active');

-- --------------------------------------------------------

--
-- Table structure for table `tbl_category`
--

CREATE TABLE `tbl_category` (
  `id` int(11) NOT NULL,
  `role_name` varchar(200) NOT NULL,
  `slug` varchar(500) NOT NULL,
  `delete_status` int(11) NOT NULL DEFAULT 0
) ENGINE=InnoDB DEFAULT CHARSET=latin1 COLLATE=latin1_swedish_ci;

--
-- Dumping data for table `tbl_category`
--

INSERT INTO `tbl_category` (`id`, `role_name`, `slug`, `delete_status`) VALUES
(1, 'Admin', 'admin', 0),
(2, 'client', 'client', 0),
(3, 'Technicians', 'technicians', 0);

-- --------------------------------------------------------

--
-- Table structure for table `tbl_email_config`
--

CREATE TABLE `tbl_email_config` (
  `e_id` int(21) NOT NULL,
  `name` varchar(500) NOT NULL,
  `mail_driver_host` varchar(5000) NOT NULL,
  `mail_port` int(50) NOT NULL,
  `mail_username` varchar(50) NOT NULL,
  `mail_password` varchar(30) NOT NULL,
  `mail_encrypt` varchar(300) NOT NULL
) ENGINE=InnoDB DEFAULT CHARSET=latin1 COLLATE=latin1_swedish_ci;

--
-- Dumping data for table `tbl_email_config`
--

INSERT INTO `tbl_email_config` (`e_id`, `name`, `mail_driver_host`, `mail_port`, `mail_username`, `mail_password`, `mail_encrypt`) VALUES
(1, 'Upturn India Technologies', 'mail.upturnit.com', 587, 'contact.info@upturnit.com', 'x(ilz?cWumI2', 'sdsad');

-- --------------------------------------------------------

--
-- Table structure for table `tbl_permission`
--

CREATE TABLE `tbl_permission` (
  `id` int(11) NOT NULL,
  `name` varchar(200) NOT NULL,
  `display_name` varchar(200) NOT NULL,
  `operation` varchar(200) NOT NULL
) ENGINE=InnoDB DEFAULT CHARSET=latin1 COLLATE=latin1_swedish_ci ROW_FORMAT=COMPACT;

--
-- Dumping data for table `tbl_permission`
--

INSERT INTO `tbl_permission` (`id`, `name`, `display_name`, `operation`) VALUES
(1, 'repairs', 'Repairs', 'repairs'),
(2, 'create_repair', 'Create Repair	', 'create_repair	'),
(3, 'edit_repair', 'Edit Repair', 'edit_repair'),
(4, 'delete_repair', 'Delete Repair', 'delete_repair'),
(5, 'manage_category', 'Manage Category', 'manage_category'),
(6, 'sales', 'Sales', 'sales'),
(7, 'invoices', 'Invoices', 'invoices'),
(8, 'edit_invoice', 'Edit Invoice', 'edit_invoice'),
(9, 'add_payment', 'Add Payment', 'add_payment'),
(10, 'custom_reports', 'Custom Reports', 'custom_reports'),
(11, 'financial_overview', 'Financial Overview', 'financial_overview'),
(12, 'manage_expense', 'Manage Expense', 'manage_expense'),
(13, 'create_expense', 'Create Expense', 'create_expense'),
(14, 'edit_expense', 'Edit Expense', 'edit_expense'),
(15, 'delete_expense', 'Delete Expense', 'delete_expense'),
(16, 'generate_invoice', 'Generate Invoice', 'generate_invoice'),
(17, 'products', 'Products', 'products'),
(18, 'create_product', 'Create Product', 'create_product'),
(19, 'edit_product', 'Edit Product', 'edit_product'),
(20, 'delete_product', 'Delete Product', 'delete_product'),
(21, 'users', 'Users', 'users'),
(22, 'create_user', 'Create User', 'create_user'),
(23, 'edit_user', 'Edit User', 'edit_user'),
(24, 'delete_user', 'Delete User', 'delete_user'),
(25, 'manage_roles', 'Manage Roles', 'manage_roles'),
(26, 'settings', 'Settings', 'settings'),
(27, 'communication', 'Communication', 'communication'),
(28, 'create_communication', 'Create Communication', 'create_communication'),
(29, 'delete_communication', 'Delete Communication', 'delete_communication'),
(30, 'payroll', 'Payroll', 'payroll'),
(31, 'create_payroll', 'Create Payroll', 'create_payroll'),
(32, 'edit_payroll', 'Edit Payroll', 'edit_payroll'),
(33, 'delete_payroll', 'Delete Payroll', 'delete_payroll'),
(34, 'departments', 'Departments', 'departments'),
(35, 'saved_items', 'Saved Item', 'saved_items'),
(36, 'create_saved_item', 'Create Saved Item', 'create_saved_item'),
(37, 'edit_saved_item', 'Edit Saved Item', 'edit_saved_item'),
(38, 'delete_saved_item', 'Delete Saved Item', 'delete_saved_item'),
(39, 'dashboard', 'Dashboard', 'dashboard'),
(40, 'clients_statistics', 'Clients Statistics', 'clients_statistics'),
(41, 'invoices_statistics', 'Invoices Statistics', 'invoices_statistics'),
(42, 'repairs_statistics', 'Repairs Statistics', 'repairs_statistics'),
(43, 'financial_overview_graph', 'Financial Overview Graph', 'financial_overview_graph'),
(44, 'calendar', 'Calendar', 'calendar');

-- --------------------------------------------------------

--
-- Table structure for table `tbl_permission_category`
--

CREATE TABLE `tbl_permission_category` (
  `id` int(30) NOT NULL,
  `permission_id` int(30) NOT NULL,
  `category_id` int(30) NOT NULL
) ENGINE=InnoDB DEFAULT CHARSET=latin1 COLLATE=latin1_swedish_ci;

--
-- Dumping data for table `tbl_permission_category`
--

INSERT INTO `tbl_permission_category` (`id`, `permission_id`, `category_id`) VALUES
(1, 1, 1),
(2, 2, 1),
(3, 3, 1),
(4, 4, 1),
(5, 5, 1),
(6, 6, 1),
(7, 7, 1),
(8, 8, 1),
(9, 9, 1),
(10, 10, 1),
(11, 11, 1),
(12, 12, 1),
(13, 13, 1),
(14, 14, 1),
(15, 15, 1),
(16, 16, 1),
(17, 17, 1),
(18, 18, 1),
(19, 19, 1),
(20, 20, 1),
(21, 21, 1),
(22, 22, 1),
(23, 23, 1),
(24, 24, 1),
(25, 25, 1),
(26, 26, 1),
(27, 27, 1),
(28, 28, 1),
(29, 29, 1),
(30, 30, 1),
(31, 31, 1),
(32, 32, 1),
(33, 33, 1),
(34, 34, 1),
(35, 35, 1),
(36, 36, 1),
(37, 37, 1),
(38, 38, 1),
(39, 39, 1),
(40, 40, 1),
(41, 41, 1),
(42, 42, 1),
(43, 43, 1),
(44, 44, 1),
(45, 1, 2),
(46, 2, 2),
(47, 6, 2),
(48, 9, 2),
(49, 12, 2),
(50, 17, 2),
(51, 35, 2),
(52, 39, 2),
(53, 40, 2),
(54, 41, 2),
(55, 42, 2),
(56, 43, 2),
(57, 44, 2),
(236, 34, 4),
(237, 1, 3),
(238, 2, 3),
(239, 3, 3),
(240, 4, 3),
(241, 5, 3),
(242, 6, 3),
(243, 7, 3),
(244, 8, 3),
(245, 9, 3),
(246, 10, 3),
(247, 13, 3),
(248, 14, 3),
(249, 17, 3),
(250, 18, 3),
(251, 26, 3),
(252, 27, 3),
(253, 28, 3),
(254, 29, 3),
(255, 34, 3),
(256, 35, 3),
(257, 36, 3),
(258, 37, 3),
(259, 38, 3),
(260, 39, 3),
(261, 40, 3),
(262, 41, 3),
(263, 42, 3),
(264, 43, 3),
(265, 44, 3);

-- --------------------------------------------------------

--
-- Table structure for table `tbl_sms_config`
--

CREATE TABLE `tbl_sms_config` (
  `id` int(11) NOT NULL,
  `sms_username` varchar(200) NOT NULL,
  `sms_password` varchar(200) NOT NULL,
  `sms_senderid` varchar(200) NOT NULL,
  `created_at` date NOT NULL,
  `delete_status` int(11) NOT NULL DEFAULT 0
) ENGINE=InnoDB DEFAULT CHARSET=latin1 COLLATE=latin1_swedish_ci;

--
-- Dumping data for table `tbl_sms_config`
--

INSERT INTO `tbl_sms_config` (`id`, `sms_username`, `sms_password`, `sms_senderid`, `created_at`, `delete_status`) VALUES
(1, 'nikhilbhalerao007', '123456789', 'UPTURN', '2019-10-10', 0);

-- --------------------------------------------------------

--
-- Table structure for table `treatment`
--

CREATE TABLE `treatment` (
  `treatmentid` int(11) NOT NULL,
  `treatmenttype` varchar(25) NOT NULL,
  `payment` decimal(10,2) NOT NULL,
  `note` text NOT NULL,
  `status` varchar(10) NOT NULL,
  `delete_status` int(11) NOT NULL
) ENGINE=InnoDB DEFAULT CHARSET=latin1 COLLATE=latin1_swedish_ci;

--
-- Dumping data for table `treatment`
--

INSERT INTO `treatment` (`treatmentid`, `treatmenttype`, `payment`, `note`, `status`, `delete_status`) VALUES
(1, 'Blood Test', 200.00, 'Treatment note here', 'Active', 0);

-- --------------------------------------------------------

--
-- Table structure for table `treatment_records`
--

CREATE TABLE `treatment_records` (
  `treatment_records_id` int(10) NOT NULL,
  `treatmentid` int(10) NOT NULL,
  `appointmentid` int(10) NOT NULL,
  `patientid` int(10) NOT NULL,
  `mf_id` int(10) NOT NULL,
  `treatment_description` text NOT NULL,
  `uploads` varchar(100) NOT NULL,
  `treatment_date` date NOT NULL,
  `treatment_time` time NOT NULL,
  `status` varchar(10) NOT NULL
) ENGINE=InnoDB DEFAULT CHARSET=latin1 COLLATE=latin1_swedish_ci;

-- --------------------------------------------------------

--
-- Table structure for table `user`
--

CREATE TABLE `user` (
  `userid` int(11) NOT NULL,
  `loginname` varchar(50) NOT NULL,
  `password` varchar(10) NOT NULL,
  `patientname` varchar(50) NOT NULL,
  `mobileno` varchar(15) NOT NULL,
  `email` varchar(50) NOT NULL,
  `createddateandtime` datetime NOT NULL DEFAULT current_timestamp()
) ENGINE=InnoDB DEFAULT CHARSET=latin1 COLLATE=latin1_swedish_ci;

--
-- Indexes for dumped tables
--

--
-- Indexes for table `admin`
--
ALTER TABLE `admin`
  ADD PRIMARY KEY (`id`);

--
-- Indexes for table `appointment`
--
ALTER TABLE `appointment`
  ADD PRIMARY KEY (`appointmentid`);

--
-- Indexes for table `manage_website`
--
ALTER TABLE `manage_website`
  ADD PRIMARY KEY (`id`);

--
-- Indexes for table `medicine`
--
ALTER TABLE `medicine`
  ADD PRIMARY KEY (`medicineid`);

--
-- Indexes for table `mfschedule`
--
ALTER TABLE `mfschedule`
  ADD PRIMARY KEY (`mf_timings_id`);

--
-- Indexes for table `midwife`
--
ALTER TABLE `midwife`
  ADD PRIMARY KEY (`mf_id`);

--
-- Indexes for table `patient`
--
ALTER TABLE `patient`
  ADD PRIMARY KEY (`patientid`),
  ADD KEY `loginid` (`loginid`);

--
-- Indexes for table `tbl_category`
--
ALTER TABLE `tbl_category`
  ADD PRIMARY KEY (`id`);

--
-- Indexes for table `tbl_email_config`
--
ALTER TABLE `tbl_email_config`
  ADD PRIMARY KEY (`e_id`);

--
-- Indexes for table `tbl_permission`
--
ALTER TABLE `tbl_permission`
  ADD PRIMARY KEY (`id`);

--
-- Indexes for table `tbl_permission_category`
--
ALTER TABLE `tbl_permission_category`
  ADD PRIMARY KEY (`id`);

--
-- Indexes for table `tbl_sms_config`
--
ALTER TABLE `tbl_sms_config`
  ADD PRIMARY KEY (`id`);

--
-- Indexes for table `treatment`
--
ALTER TABLE `treatment`
  ADD PRIMARY KEY (`treatmentid`);

--
-- AUTO_INCREMENT for dumped tables
--

--
-- AUTO_INCREMENT for table `admin`
--
ALTER TABLE `admin`
  MODIFY `id` int(11) NOT NULL AUTO_INCREMENT, AUTO_INCREMENT=2;

--
-- AUTO_INCREMENT for table `appointment`
--
ALTER TABLE `appointment`
  MODIFY `appointmentid` int(10) NOT NULL AUTO_INCREMENT, AUTO_INCREMENT=5;

--
-- AUTO_INCREMENT for table `manage_website`
--
ALTER TABLE `manage_website`
  MODIFY `id` int(11) NOT NULL AUTO_INCREMENT, AUTO_INCREMENT=2;

--
-- AUTO_INCREMENT for table `medicine`
--
ALTER TABLE `medicine`
  MODIFY `medicineid` int(10) NOT NULL AUTO_INCREMENT, AUTO_INCREMENT=2;

--
-- AUTO_INCREMENT for table `mfschedule`
--
ALTER TABLE `mfschedule`
  MODIFY `mf_timings_id` int(10) NOT NULL AUTO_INCREMENT, AUTO_INCREMENT=2;

--
-- AUTO_INCREMENT for table `midwife`
--
ALTER TABLE `midwife`
  MODIFY `mf_id` int(10) NOT NULL AUTO_INCREMENT, AUTO_INCREMENT=2;

--
-- AUTO_INCREMENT for table `patient`
--
ALTER TABLE `patient`
  MODIFY `patientid` int(10) NOT NULL AUTO_INCREMENT, AUTO_INCREMENT=21;

--
-- AUTO_INCREMENT for table `tbl_category`
--
ALTER TABLE `tbl_category`
  MODIFY `id` int(11) NOT NULL AUTO_INCREMENT, AUTO_INCREMENT=4;

--
-- AUTO_INCREMENT for table `tbl_email_config`
--
ALTER TABLE `tbl_email_config`
  MODIFY `e_id` int(21) NOT NULL AUTO_INCREMENT, AUTO_INCREMENT=2;

--
-- AUTO_INCREMENT for table `tbl_permission`
--
ALTER TABLE `tbl_permission`
  MODIFY `id` int(11) NOT NULL AUTO_INCREMENT, AUTO_INCREMENT=45;

--
-- AUTO_INCREMENT for table `tbl_permission_category`
--
ALTER TABLE `tbl_permission_category`
  MODIFY `id` int(30) NOT NULL AUTO_INCREMENT, AUTO_INCREMENT=266;

--
-- AUTO_INCREMENT for table `tbl_sms_config`
--
ALTER TABLE `tbl_sms_config`
  MODIFY `id` int(11) NOT NULL AUTO_INCREMENT, AUTO_INCREMENT=2;

--
-- AUTO_INCREMENT for table `treatment`
--
ALTER TABLE `treatment`
  MODIFY `treatmentid` int(11) NOT NULL AUTO_INCREMENT, AUTO_INCREMENT=2;
COMMIT;

/*!40101 SET CHARACTER_SET_CLIENT=@OLD_CHARACTER_SET_CLIENT */;
/*!40101 SET CHARACTER_SET_RESULTS=@OLD_CHARACTER_SET_RESULTS */;
/*!40101 SET COLLATION_CONNECTION=@OLD_COLLATION_CONNECTION */;
